﻿<?xml version="1.0"?>
<doc>
<assembly>
<name>
XeR0xv1.0-TH3U17M4T3T001
</name>
</assembly>
<members>
<member name="P:Riyad_Pathan.My.Resources.Resources.ResourceManager">
	<summary>
  Returns the cached ResourceManager instance used by this class.
</summary>
</member><member name="P:Riyad_Pathan.My.Resources.Resources.Culture">
	<summary>
  Overrides the current thread's CurrentUICulture property for all
  resource lookups using this strongly typed resource class.
</summary>
</member><member name="P:Riyad_Pathan.My.Resources.Resources._2016_08_13">
	<summary>
  Looks up a localized resource of type System.Drawing.Bitmap.
</summary>
</member><member name="P:Riyad_Pathan.My.Resources.Resources.whois_600">
	<summary>
  Looks up a localized resource of type System.Drawing.Bitmap.
</summary>
</member><member name="T:Riyad_Pathan.My.Resources.Resources">
	<summary>
  A strongly-typed resource class, for looking up localized strings, etc.
</summary>
</member>
</members>
</doc>